{
  "lang":"en",
  "name":"pipeline",
  "version":"0.0.0",
  "spacy_version":">=3.8.2,<3.9.0",
  "description":"",
  "author":"",
  "email":"",
  "url":"",
  "license":"",
  "spacy_git_version":"63f1b53",
  "vectors":{
    "width":0,
    "vectors":0,
    "keys":0,
    "name":null,
    "mode":"default"
  },
  "labels":{
    "tok2vec":[

    ],
    "ner":[
      "ableism",
      "ageism",
      "bodyShaming",
      "classism",
      "homophobia",
      "insults",
      "mentalHealthStigmatization",
      "racism",
      "religiousIntolerance",
      "sexism",
      "sexualHarassment",
      "threatsofViolence",
      "transphobia"
    ]
  },
  "pipeline":[
    "tok2vec",
    "ner"
  ],
  "components":[
    "tok2vec",
    "ner"
  ],
  "disabled":[

  ],
  "performance":{
    "ents_f":0.8729520754,
    "ents_p":0.8765065692,
    "ents_r":0.8694262942,
    "ents_per_type":{
      "bodyShaming":{
        "p":0.9547826087,
        "r":0.9522983521,
        "f":0.9535388624
      },
      "racism":{
        "p":0.817188638,
        "r":0.7515070328,
        "f":0.7829727844
      },
      "insults":{
        "p":0.9627610055,
        "r":0.9521241615,
        "f":0.9574130406
      },
      "sexism":{
        "p":0.8199052133,
        "r":0.5103244838,
        "f":0.6290909091
      },
      "sexualHarassment":{
        "p":0.84966657,
        "r":0.9801003344,
        "f":0.9102345085
      },
      "homophobia":{
        "p":0.7947357682,
        "r":0.8022657055,
        "f":0.7984829848
      },
      "transphobia":{
        "p":0.820083682,
        "r":0.1496183206,
        "f":0.2530664945
      },
      "ableism":{
        "p":0.6305114638,
        "r":0.9166666667,
        "f":0.7471264368
      },
      "classism":{
        "p":0.9130982368,
        "r":0.8362168397,
        "f":0.8729680915
      },
      "mentalHealthStigmatization":{
        "p":0.9097472924,
        "r":0.6268656716,
        "f":0.7422680412
      },
      "religiousIntolerance":{
        "p":0.9698113208,
        "r":0.9436964504,
        "f":0.9565756824
      },
      "threatsofViolence":{
        "p":0.9631402585,
        "r":0.968238691,
        "f":0.9656827454
      },
      "ageism":{
        "p":0.6345381526,
        "r":0.8926553672,
        "f":0.7417840376
      }
    },
    "tok2vec_loss":1405.0442289177,
    "ner_loss":207.1821022125
  }
}