{
  "lang":"en",
  "name":"pipeline",
  "version":"0.0.0",
  "spacy_version":">=3.8.2,<3.9.0",
  "description":"",
  "author":"",
  "email":"",
  "url":"",
  "license":"",
  "spacy_git_version":"63f1b53",
  "vectors":{
    "width":0,
    "vectors":0,
    "keys":0,
    "name":null,
    "mode":"default"
  },
  "labels":{
    "tok2vec":[

    ],
    "ner":[
      "ableism",
      "ageism",
      "bodyShaming",
      "classism",
      "homophobia",
      "insults",
      "mentalHealthStigmatization",
      "racism",
      "religiousIntolerance",
      "sexism",
      "sexualHarassment",
      "threatsofViolence",
      "transphobia"
    ]
  },
  "pipeline":[
    "tok2vec",
    "ner"
  ],
  "components":[
    "tok2vec",
    "ner"
  ],
  "disabled":[

  ],
  "performance":{
    "ents_f":0.8730426578,
    "ents_p":0.882570894,
    "ents_r":0.8637179579,
    "ents_per_type":{
      "bodyShaming":{
        "p":1.0,
        "r":0.9176062446,
        "f":0.9570330167
      },
      "transphobia":{
        "p":0.450180072,
        "r":0.286259542,
        "f":0.3499766682
      },
      "racism":{
        "p":0.9842983317,
        "r":0.6718017415,
        "f":0.798566879
      },
      "sexism":{
        "p":0.4927066451,
        "r":0.8967551622,
        "f":0.6359832636
      },
      "sexualHarassment":{
        "p":0.8899196042,
        "r":0.962541806,
        "f":0.9248071979
      },
      "homophobia":{
        "p":0.7938779567,
        "r":0.8226570546,
        "f":0.8080113292
      },
      "insults":{
        "p":0.9716942431,
        "r":0.9346310667,
        "f":0.9528023599
      },
      "classism":{
        "p":0.7968911917,
        "r":0.8869665513,
        "f":0.8395196507
      },
      "mentalHealthStigmatization":{
        "p":0.811965812,
        "r":0.7089552239,
        "f":0.7569721116
      },
      "religiousIntolerance":{
        "p":0.9947848761,
        "r":0.9339045288,
        "f":0.9633838384
      },
      "threatsofViolence":{
        "p":0.9940328195,
        "r":0.9619826756,
        "f":0.97774517
      },
      "ableism":{
        "p":0.7398843931,
        "r":0.6564102564,
        "f":0.6956521739
      },
      "ageism":{
        "p":1.0,
        "r":0.7570621469,
        "f":0.8617363344
      }
    },
    "tok2vec_loss":1316.7384560984,
    "ner_loss":279.2060686001
  }
}