{
  "lang":"en",
  "name":"pipeline",
  "version":"0.0.0",
  "spacy_version":">=3.8.2,<3.9.0",
  "description":"",
  "author":"",
  "email":"",
  "url":"",
  "license":"",
  "spacy_git_version":"63f1b53",
  "vectors":{
    "width":0,
    "vectors":0,
    "keys":0,
    "name":null,
    "mode":"default"
  },
  "labels":{
    "tok2vec":[

    ],
    "ner":[
      "ableism",
      "ageism",
      "bodyShaming",
      "classism",
      "homophobia",
      "insults",
      "mentalHealthStigmatization",
      "racism",
      "religiousIntolerance",
      "sexism",
      "sexualHarassment",
      "threatsofViolence",
      "transphobia"
    ]
  },
  "pipeline":[
    "tok2vec",
    "ner"
  ],
  "components":[
    "tok2vec",
    "ner"
  ],
  "disabled":[

  ],
  "performance":{
    "ents_f":0.8248058011,
    "ents_p":0.8484606916,
    "ents_r":0.8024341208,
    "ents_per_type":{
      "bodyShaming":{
        "p":0.9801699717,
        "r":0.9002601908,
        "f":0.938517179
      },
      "homophobia":{
        "p":0.7466558573,
        "r":0.7588053553,
        "f":0.7526815814
      },
      "racism":{
        "p":0.9941792782,
        "r":0.5720026792,
        "f":0.7261904762
      },
      "classism":{
        "p":0.7963414634,
        "r":0.753171857,
        "f":0.7741553053
      },
      "sexism":{
        "p":0.0,
        "r":0.0,
        "f":0.0
      },
      "sexualHarassment":{
        "p":0.8237043331,
        "r":0.9727424749,
        "f":0.892041098
      },
      "transphobia":{
        "p":0.5219683656,
        "r":0.2267175573,
        "f":0.3161255987
      },
      "ableism":{
        "p":0.4329829172,
        "r":0.8448717949,
        "f":0.5725456125
      },
      "insults":{
        "p":0.9895280236,
        "r":0.8824148362,
        "f":0.932906904
      },
      "mentalHealthStigmatization":{
        "p":0.0,
        "r":0.0,
        "f":0.0
      },
      "religiousIntolerance":{
        "p":0.982712766,
        "r":0.9045287638,
        "f":0.9420012747
      },
      "threatsofViolence":{
        "p":0.9572004028,
        "r":0.9148219442,
        "f":0.9355314961
      },
      "ageism":{
        "p":0.0,
        "r":0.0,
        "f":0.0
      }
    },
    "tok2vec_loss":819.9975401584,
    "ner_loss":277.2898710715
  }
}